"국가,주소,전화번호,팩스번호,이메일,근무시간"
"영국,""60 Buckingham Gate, London SW1E 6AJ"",""+44 (0)20 7227 5500"",""+44 (0)20 7227 5503"",""koreanembinuk@mofa.go.kr"",""월-금 09:00-12:00, 14:00-17:00"""
"네덜란드,""Verlengde Tolweg 8, 2517 JV The Hague"",""+31-70-358-6076"",""+31-70-350-4712"",""koreanemb@koreanembassy.nl"",""업무시간내 연락"""
"노르웨이,""Inkognitogaten 3, 0244 Oslo"",""+47 22 54 70 90"",""+47 22 56 14 11"",""kornor@mofa.go.kr"",""월-금 09:00-12:30, 14:00-17:00"""
"독일,""Stülerstr. 10, 10787 Berlin Bundesrepublik Deutschland"",""+49 (0)30 260-650"",""+49 (0)30 260-6551"",""koremb-ge@mofat.go.kr"",""월-금 09:00-12:30, 14:00-17:00"""
"프랑크푸르트,""Lyoner Str. 34, 60528 Frankfurt am Main, Germany"",""+49-(0)69-956752-0"",""+49-(0)69-56003986"",""gk-frankfurt@mofa.go.kr"",""월-금 09:00-12:30, 14:00-17:00"""
"스위스,""Kalcheggweg 38, P.O.Box 301, 3006 Bern, Switzerland"",""+41-31-356-2444"",""+41-31-356-2450"",""swiss@mofa.go.kr"",""업무시간내 연락"""
"프랑스,""125 rue de Grenelle 75007 Paris, FRANCE"",""+33 1 47 53 01 01"",""+33 1 47 53 00 41"",""업무시간내 연락"",""업무시간내 연락"""
"중국,""No. 7 Beixiaojie Liangmaqiao, Chaoyang District, Beijing, China"",""+86-10-8532-0404"",""+86-10-6532-3891"",""chinaconsul@mofa.go.kr"",""업무시간내 연락"""
"상하이,""60 Wan Shan Road, Shanghai, 200336"",""+86 021 6295 2629"",""+86 021 6295 5191"",""업무시간내 연락"",""+86 1368-199-6952 (야간 및 휴일 당직 전화)"""
"홍콩,""5F, Far East Finance Centre, 16 Harcourt Road, Hong Kong"",""+852 2528-3666"",""+852 2861-3699"",""업무시간내 연락"",""월-금 09:00-17:30 (한국시간으로 10:00-18:30)"""
"인도,""9 Chandragupta Marg, Chanakyapuri Extension, New Delhi - 110021, INDIA"",""+91-11-4200-7000"",""+91-11-2688-4840"",""업무시간내 연락"",""+91 99535-96008 (공휴일 연락처)"""
"싱가포르,""47 Scotts Road #08-00 Goldbell Tower Singapore 228233"",""+65 6256-1188"",""+65 6254-3191"",""info@koreaembassy.org.sg"",""업무시간내 연락"""
"미국(Washington, D.C.),""2450 Massachusetts Avenue N.W. Washington, D.C. 20008"",""+1 202-939-5600"",""+1 202-797-0595"",""업무시간내 연락"",""월-금 9:00-12:00, 13:30-17:30"""
"미국(로스앤젤레스),""3500 Clay Street, San Francisco, CA 94118"",""+1 415-921-2251"",""+1 415-921-5946"",""업무시간내 연락"",""월요일 - 금요일 09:00 - 17:00"""
"아랍에미리트,""P.O.Box 3270, Abu Dhabi, United Arab Emirates"",""+971-2-6439122"",""+971-2-643-9133"",""업무시간외 연락"",""문병준 참사관: +971 50-813-6620, 임병용 영사: +971 50-613-5722"""
